Workbook

Sheet CONCENTRADO DE DESEMPEÑO
A1: JUNTA LOCAL EJECUTIVA
R2: NAYARIT
B4: Distrito | C4: 1 | G4: Módulo | J4: Turno | K4: Mañana | M4: Bitácora de desempeño del personal de Módulos de Atención Ciudadana de la Campaña de Actualización Intensa
G5: Ago-Dic | J5: CAP | L5: CAI
B6: Periodo de verificación | C6: Cuatrimestre: | G6: X | I6: Campaña | L6: x | N6: 2020 | R6: Versión: 0
G7: Marca con una x | J7: Marca con una x | R7: Fecha de emisión: 06/03/2020
A8: No. | B8: Nombre | C8: Cargo | G8: Puntualidad | I8: Servicio | K8: Imagen | M8: Cumplimiento Normativo | O8: Productividad | Q8: Ponderación por Campaña | R8: Firma de conocimiento
C9: Marca con una x | G9: Faltas y retardos registrados | I9: Quejas ciudadanas registradas al MAC | K9: Observaciones en el uso de indumentaria | M9: Observación y omisiones de procedimientos | O9: Tiempo total de captura
C10: RM | D10: OET | E10: ACC | F10: DMI | G10: 1er | H10: Puntos | I10: 1er | J10: Puntos | K10: 1er | L10: Puntos | M10: 1er | N10: Puntos | O10: 1er | P10: Puntos
A11: 1 | B11: NOMBRE DEL FUNCIONARIO | G11: =PUNTUALIDAD!K11 -> 10 | H11: =PUNTUALIDAD!K11 -> 10 | I11: =SERVICIO!G17 -> 10 | J11: =SERVICIO!G17 -> 10 | K11: =IMAGEN!G11 -> 10 | L11: =IMAGEN!H11 -> 10 | M11: =NORMATIVO!G11 -> 10 | N11: =NORMATIVO!H11 -> 10 | O11: =PRODUCTIVIDAD!N11 -> 10 | P11: =PRODUCTIVIDAD!O11 -> 10 | Q11: =SUM(H11,J11,L11,N11,P11)/5 -> 10
A12: 2 | B12: NOMBRE DEL FUNCIONARIO | G12: =PUNTUALIDAD!K12 -> 10 | H12: =PUNTUALIDAD!K12 -> 10 | I12: =I11 -> 10 | J12: =J11 -> 10 | K12: =IMAGEN!G12 -> 10 | L12: =IMAGEN!H12 -> 10 | M12: =NORMATIVO!G12 -> 10 | N12: =NORMATIVO!H12 -> 10 | O12: =PRODUCTIVIDAD!N12 -> 10 | P12: =PRODUCTIVIDAD!O12 -> 10 | Q12: =SUM(H12,J12,L12,N12,P12)/5 -> 10
A13: 3 | B13: NOMBRE DEL FUNCIONARIO | G13: =PUNTUALIDAD!K13 -> 10 | H13: =PUNTUALIDAD!K13 -> 10 | I13: =I12 -> 10 | J13: =J12 -> 10 | K13: =IMAGEN!G13 -> 10 | L13: =IMAGEN!H13 -> 10 | M13: =NORMATIVO!G13 -> 10 | N13: =NORMATIVO!H13 -> 10 | O13: =PRODUCTIVIDAD!N13 -> 10 | P13: =PRODUCTIVIDAD!O13 -> 10 | Q13: =SUM(H13,J13,L13,N13,P13)/5 -> 10
A14: 4 | B14: NOMBRE DEL FUNCIONARIO | G14: =PUNTUALIDAD!K14 -> 10 | H14: =PUNTUALIDAD!K14 -> 10 | I14: =I13 -> 10 | J14: =J13 -> 10 | K14: =IMAGEN!G14 -> 10 | L14: =IMAGEN!H14 -> 10 | M14: =NORMATIVO!G14 -> 10 | N14: =NORMATIVO!H14 -> 10 | O14: =PRODUCTIVIDAD!N14 -> 10 | P14: =PRODUCTIVIDAD!O14 -> 10 | Q14: =SUM(H14,J14,L14,N14,P14)/5 -> 10
A15: 5 | B15: NOMBRE DEL FUNCIONARIO | G15: =PUNTUALIDAD!K15 -> 10 | H15: =PUNTUALIDAD!K15 -> 10 | I15: =I14 -> 10 | J15: =J14 -> 10 | K15: =IMAGEN!G15 -> 10 | L15: =IMAGEN!H15 -> 10 | M15: =NORMATIVO!G15 -> 10 | N15: =NORMATIVO!H15 -> 10 | O15: =PRODUCTIVIDAD!N15 -> 10 | P15: =PRODUCTIVIDAD!O15 -> 10 | Q15: =SUM(H15,J15,L15,N15,P15)/5 -> 10
A16: 6 | B16: NOMBRE DEL FUNCIONARIO | G16: =PUNTUALIDAD!K16 -> 10 | H16: =PUNTUALIDAD!K16 -> 10 | I16: =I15 -> 10 | J16: =J15 -> 10 | K16: =IMAGEN!G16 -> 10 | L16: =IMAGEN!H16 -> 10 | M16: =NORMATIVO!G16 -> 10 | N16: =NORMATIVO!H16 -> 10 | O16: =PRODUCTIVIDAD!N16 -> 10 | P16: =PRODUCTIVIDAD!O16 -> 10 | Q16: =SUM(H16,J16,L16,N16,P16)/5 -> 10
A17: 7 | B17: NOMBRE DEL FUNCIONARIO | G17: =PUNTUALIDAD!K17 -> 10 | H17: =PUNTUALIDAD!K17 -> 10 | I17: =I16 -> 10 | J17: =J16 -> 10 | K17: =IMAGEN!G17 -> 10 | L17: =IMAGEN!H17 -> 10 | M17: =NORMATIVO!G17 -> 10 | N17: =NORMATIVO!H17 -> 10 | O17: =PRODUCTIVIDAD!N17 -> 10 | P17: =PRODUCTIVIDAD!O17 -> 10 | Q17: =SUM(H17,J17,L17,N17,P17)/5 -> 10
A18: 8 | B18: NOMBRE DEL FUNCIONARIO | G18: =PUNTUALIDAD!K18 -> 10 | H18: =PUNTUALIDAD!K18 -> 10 | I18: =I17 -> 10 | J18: =J17 -> 10 | K18: =IMAGEN!G18 -> 10 | L18: =IMAGEN!H18 -> 10 | M18: =NORMATIVO!G18 -> 10 | N18: =NORMATIVO!H18 -> 10 | O18: =PRODUCTIVIDAD!N18 -> 10 | P18: =PRODUCTIVIDAD!O18 -> 10 | Q18: =SUM(H18,J18,L18,N18,P18)/5 -> 10
A19: 9 | B19: NOMBRE DEL FUNCIONARIO | G19: =PUNTUALIDAD!K19 -> 10 | H19: =PUNTUALIDAD!K19 -> 10 | I19: =I18 -> 10 | J19: =J18 -> 10 | K19: =IMAGEN!G19 -> 10 | L19: =IMAGEN!H19 -> 10 | M19: =NORMATIVO!G19 -> 10 | N19: =NORMATIVO!H19 -> 10 | O19: =PRODUCTIVIDAD!N19 -> 10 | P19: =PRODUCTIVIDAD!O19 -> 10 | Q19: =SUM(H19,J19,L19,N19,P19)/5 -> 10
A20: 10 | B20: NOMBRE DEL FUNCIONARIO | G20: =PUNTUALIDAD!K20 -> 10 | H20: =PUNTUALIDAD!K20 -> 10 | I20: =I19 -> 10 | J20: =J19 -> 10 | K20: =IMAGEN!G20 -> 10 | L20: =IMAGEN!H20 -> 10 | M20: =NORMATIVO!G20 -> 10 | N20: =NORMATIVO!H20 -> 10 | O20: =PRODUCTIVIDAD!N20 -> 10 | P20: =PRODUCTIVIDAD!O20 -> 10 | Q20: =SUM(H20,J20,L20,N20,P20)/5 -> 10
A21: 11 | B21: NOMBRE DEL FUNCIONARIO | G21: =PUNTUALIDAD!K21 -> 10 | H21: =PUNTUALIDAD!K21 -> 10 | I21: =I20 -> 10 | J21: =J20 -> 10 | K21: =IMAGEN!G21 -> 10 | L21: =IMAGEN!H21 -> 10 | M21: =NORMATIVO!G21 -> 10 | N21: =NORMATIVO!H21 -> 10 | O21: =PRODUCTIVIDAD!N21 -> 10 | P21: =PRODUCTIVIDAD!O21 -> 10 | Q21: =SUM(H21,J21,L21,N21,P21)/5 -> 10
A22: 12 | B22: NOMBRE DEL FUNCIONARIO | G22: =PUNTUALIDAD!K22 -> 10 | H22: =PUNTUALIDAD!K22 -> 10 | I22: =I21 -> 10 | J22: =J21 -> 10 | K22: =IMAGEN!G22 -> 10 | L22: =IMAGEN!H22 -> 10 | M22: =NORMATIVO!G22 -> 10 | N22: =NORMATIVO!H22 -> 10 | O22: =PRODUCTIVIDAD!N22 -> 10 | P22: =PRODUCTIVIDAD!O22 -> 10 | Q22: =SUM(H22,J22,L22,N22,P22)/5 -> 10
A23: 13 | B23: NOMBRE DEL FUNCIONARIO | G23: =PUNTUALIDAD!K23 -> 10 | H23: =PUNTUALIDAD!K23 -> 10 | I23: =I22 -> 10 | J23: =J22 -> 10 | K23: =IMAGEN!G23 -> 10 | L23: =IMAGEN!H23 -> 10 | M23: =NORMATIVO!G23 -> 10 | N23: =NORMATIVO!H23 -> 10 | O23: =PRODUCTIVIDAD!N23 -> 10 | P23: =PRODUCTIVIDAD!O23 -> 10 | Q23: =SUM(H23,J23,L23,N23,P23)/5 -> 10
... A25: 15 | B25: NOMBRE DEL FUNCIONARIO | G25: =PUNTUALIDAD!K25 -> 10 | H25: =PUNTUALIDAD!K25 -> 10 | I25: =I24 -> 10 | J25: =J24 -> 10 | K25: =IMAGEN!G25 -> 10 | L25: =IMAGEN!H25 -> 10 | M25: =NORMATIVO!G25 -> 10 | N25: =NORMATIVO!H25 -> 10 | O25: =PRODUCTIVIDAD!N25 -> 10 | P25: =PRODUCTIVIDAD!O25 -> 10 | Q25: =SUM(H25,J25,L25,N25,P25)/5 -> 10
P26: Promedio | Q26: =AVERAGE(Q11:Q25) -> 10
A27: Responsables de la verificación de desempeño
C32: Vocal Ejecutivo | K32: Vocal del Registro Federal de Electores

Sheet PUNTUALIDAD
L1: JUNTA LOCAL EJECUTIVA
L2: ='CONCENTRADO DE DESEMPEÑO'!R2 -> NAYARIT
L3: Vocalía del Registro Federal de Electores
B4: Distrito | C4: ='CONCENTRADO DE DESEMPEÑO'!C4:F4 -> 1 | I4: Módulo | K4: ='CONCENTRADO DE DESEMPEÑO'!H4 -> 0 | L4: ='CONCENTRADO DE DESEMPEÑO'!M4 -> Bitácora de desempeño del personal de Módulos de Atención Ciudadana de la Campaña de Actualización Intensa
L5: FORMATO DEL FACTOR PUNTUALIDAD
E6: ='CONCENTRADO DE DESEMPEÑO'!G5 -> Ago-Dic | F6: ='CONCENTRADO DE DESEMPEÑO'!#REF! -> #REF! | L6: Versión: 0
B7: Periodo de verificación | C7: ='CONCENTRADO DE DESEMPEÑO'!C6:F6 -> Cuatrimestre: | E7: =IF('CONCENTRADO DE DESEMPEÑO'!G6 = 0,"",'CONCENTRADO DE DESEMPEÑO'!G6) -> X | F7: =IF('CONCENTRADO DE DESEMPEÑO'!#REF! = 0,"",'CONCENTRADO DE DESEMPEÑO'!#REF!) -> #REF! | I7: =IF('CONCENTRADO DE DESEMPEÑO'!H6 = 0,"",'CONCENTRADO DE DESEMPEÑO'!H6) | J7: =IF('CONCENTRADO DE DESEMPEÑO'!I6 = 0,"",'CONCENTRADO DE DESEMPEÑO'!I6) -> Campaña | K7: ='CONCENTRADO DE DESEMPEÑO'!#REF! -> #REF! | L7: Fecha de emisión: 06/03/2020
A8: No. | B8: Nombre | C8: Primer Cuatrimestre | K8: Ponderación Cuatrimestral | L8: Firma de conocimiento
C9: 1 er mes | E9: 2 do mes | G9: 3 er mes | I9: 4 to mes
C10: Retardo | D10: Falta | E10: Retardo | F10: Falta | G10: Retardo | H10: Falta | I10: Retardo | J10: Falta
A11: 1 | B11: ='CONCENTRADO DE DESEMPEÑO'!B11 -> NOMBRE DEL FUNCIONARIO | K11: =10-((C11+E11+I11+G11)*0.5)-((D11+F11+H11+J11)*1) -> 10
A12: 2 | B12: ='CONCENTRADO DE DESEMPEÑO'!B12 -> NOMBRE DEL FUNCIONARIO | K12: =10-((C12+E12+I12+G12)*0.5)-((D12+F12+H12+J12)*1) -> 10
A13: 3 | B13: ='CONCENTRADO DE DESEMPEÑO'!B13 -> NOMBRE DEL FUNCIONARIO | K13: =10-((C13+E13+I13+G13)*0.5)-((D13+F13+H13+J13)*1) -> 10
A14: 4 | B14: ='CONCENTRADO DE DESEMPEÑO'!B14 -> NOMBRE DEL FUNCIONARIO | K14: =10-((C14+E14+I14+G14)*0.5)-((D14+F14+H14+J14)*1) -> 10
A15: 5 | B15: ='CONCENTRADO DE DESEMPEÑO'!B15 -> NOMBRE DEL FUNCIONARIO | K15: =10-((C15+E15+I15+G15)*0.5)-((D15+F15+H15+J15)*1) -> 10
A16: 6 | B16: ='CONCENTRADO DE DESEMPEÑO'!B16 -> NOMBRE DEL FUNCIONARIO | K16: =10-((C16+E16+I16+G16)*0.5)-((D16+F16+H16+J16)*1) -> 10
A17: 7 | B17: ='CONCENTRADO DE DESEMPEÑO'!B17 -> NOMBRE DEL FUNCIONARIO | K17: =10-((C17+E17+I17+G17)*0.5)-((D17+F17+H17+J17)*1) -> 10
A18: 8 | B18: ='CONCENTRADO DE DESEMPEÑO'!B18 -> NOMBRE DEL FUNCIONARIO | K18: =10-((C18+E18+I18+G18)*0.5)-((D18+F18+H18+J18)*1) -> 10
A19: 9 | B19: ='CONCENTRADO DE DESEMPEÑO'!B19 -> NOMBRE DEL FUNCIONARIO | K19: =10-((C19+E19+I19+G19)*0.5)-((D19+F19+H19+J19)*1) -> 10
A20: 10 | B20: ='CONCENTRADO DE DESEMPEÑO'!B20 -> NOMBRE DEL FUNCIONARIO | K20: =10-((C20+E20+I20+G20)*0.5)-((D20+F20+H20+J20)*1) -> 10
A21: 11 | B21: ='CONCENTRADO DE DESEMPEÑO'!B21 -> NOMBRE DEL FUNCIONARIO | K21: =10-((C21+E21+I21+G21)*0.5)-((D21+F21+H21+J21)*1) -> 10
A22: 12 | B22: ='CONCENTRADO DE DESEMPEÑO'!B22 -> NOMBRE DEL FUNCIONARIO | K22: =10-((C22+E22+I22+G22)*0.5)-((D22+F22+H22+J22)*1) -> 10
... A25: 15 | B25: ='CONCENTRADO DE DESEMPEÑO'!B25 -> NOMBRE DEL FUNCIONARIO | K25: =10-((C25+E25+I25+G25)*0.5)-((D25+F25+H25+J25)*1) -> 10
A26: Afectación de Retardo (0.50)
A27: Afectación falta no justificada (1.00)
A28: Capture solo el valor nominal de la frecuencia presentada: 1, 2, 3
A29: Responsables de la verificación de desempeño
C34: Vocal Ejecutivo

Sheet SERVICIO
I4: JUNTA LOCAL EJECUTIVA
I5: ='CONCENTRADO DE DESEMPEÑO'!R2 -> NAYARIT
I6: Vocalía del Registro Federal de Electores
A7: ='CONCENTRADO DE DESEMPEÑO'!B4 -> Distrito | B7: ='CONCENTRADO DE DESEMPEÑO'!C4 -> 1 | I7: ='CONCENTRADO DE DESEMPEÑO'!M4 -> Bitácora de desempeño del personal de Módulos de Atención Ciudadana de la Campaña de Actualización Intensa
A8: Módulo | B8: ='CONCENTRADO DE DESEMPEÑO'!H4 -> 0 | I8: FORMATO DEL FACTOR SERVICIO
D9: ='CONCENTRADO DE DESEMPEÑO'!G5 -> Ago-Dic | G9: ='CONCENTRADO DE DESEMPEÑO'!J5 -> CAP | H9: ='CONCENTRADO DE DESEMPEÑO'!L5 -> CAI | I9: Versión: 0
A10: Periodo de verificación | C10: ='CONCENTRADO DE DESEMPEÑO'!C6:F6 -> Cuatrimestre: | D10: =IF('CONCENTRADO DE DESEMPEÑO'!G6 = 0,"",'CONCENTRADO DE DESEMPEÑO'!G6) -> X | F10: ='CONCENTRADO DE DESEMPEÑO'!I6 -> Campaña | G10: =IF('CONCENTRADO DE DESEMPEÑO'!I6 = 0,"",'CONCENTRADO DE DESEMPEÑO'!I6) -> Campaña | I10: Fecha de emisión: 06/03/2020
A11: Periodo | B11: Registro | C11: Queja ciudadana | G11: Ponderación | H11: Observaciones: haga referencia a la fecha y número de reporte emitido por la Dirección de Atención Ciudadana o el medio en el que se recibió la queja ciudadana.
C12: Mal trato | D12: Incumplimiento de horarios | E12: Mala orientación | F12: Otros
A13: Primer Cuatrimestre | B13: 1er mes | G13: =10-((C13+D13+E13+F13)*1) -> 10
B14: 2do mes | G14: =10-((C14+D14+E14+F14)*1) -> 10
B15: 3er mes | G15: =10-((C15+D15+E15+F15)*1) -> 10
B16: 4to mes | G16: =10-((C16+D16+E16+F16)*1) -> 10
A17: Ponderación Cuatrimestral | G17: =SUM(G13:G16)/4 -> 10
A18: Capture solo el valor nominal de la frecuencia presentada
A19: El valor de afectación es de (1.00)
A22: Responsables de la verificación de desempeño
A25: Vocal Ejecutivo | I25: Vocal del Registro Federal de Electores

Sheet IMAGEN
I1: JUNTA LOCAL EJECUTIVA
I2: ='CONCENTRADO DE DESEMPEÑO'!R2 -> NAYARIT
I3: Vocalía del Registro Federal de Electores
A4: ='CONCENTRADO DE DESEMPEÑO'!B4 -> Distrito | B4: ='CONCENTRADO DE DESEMPEÑO'!C4 -> 1 | H4: ='CONCENTRADO DE DESEMPEÑO'!M4 -> Bitácora de desempeño del personal de Módulos de Atención Ciudadana de la Campaña de Actualización Intensa
A5: =SERVICIO!A8 -> Módulo | B5: ='CONCENTRADO DE DESEMPEÑO'!H4 -> 0 | I5: FORMATO DEL FACTOR IMAGEN
E6: ENE-MAR | G6: ='CONCENTRADO DE DESEMPEÑO'!L5 -> CAI | I6: Versión: 0
B7: =SERVICIO!A10 -> Periodo de verificación | C7: Cuatrimistre | E7: =IF('CONCENTRADO DE DESEMPEÑO'!G6 = 0,"",'CONCENTRADO DE DESEMPEÑO'!G6) -> X | F7: ='CONCENTRADO DE DESEMPEÑO'!I6 -> Campaña | G7: ='CONCENTRADO DE DESEMPEÑO'!L6 -> x | I7: Fecha de emisión: 06/03/2020
A8: No. | B8: Nombre | C8: =PUNTUALIDAD!C8 -> Primer Cuatrimestre | G8: Ponderación Cuatrimestral | H8: Ponderación por Campaña | I8: Observaciones: registre el motivo que genero la afectación, en circunstancia de tiempo, modo y lugar; anexe documento de constancia.
C9: 1 er mes | D9: 2 er mes | E9: 3 er mes | F9: 4 er mes
A11: 1 | B11: ='CONCENTRADO DE DESEMPEÑO'!B11 -> NOMBRE DEL FUNCIONARIO | G11: =10-((C11+D11+E11+F11)*0.5) -> 10 | H11: =G11 -> 10
A12: 2 | B12: ='CONCENTRADO DE DESEMPEÑO'!B12 -> NOMBRE DEL FUNCIONARIO | G12: =10-((C12+D12+E12+F12)*0.5) -> 10 | H12: =G12 -> 10
A13: 3 | B13: ='CONCENTRADO DE DESEMPEÑO'!B13 -> NOMBRE DEL FUNCIONARIO | G13: =10-((C13+D13+E13+F13)*0.5) -> 10 | H13: =G13 -> 10
A14: 4 | B14: ='CONCENTRADO DE DESEMPEÑO'!B14 -> NOMBRE DEL FUNCIONARIO | G14: =10-((C14+D14+E14+F14)*0.5) -> 10 | H14: =G14 -> 10
A15: 5 | B15: ='CONCENTRADO DE DESEMPEÑO'!B15 -> NOMBRE DEL FUNCIONARIO | G15: =10-((C15+D15+E15+F15)*0.5) -> 10 | H15: =G15 -> 10
A16: 6 | B16: ='CONCENTRADO DE DESEMPEÑO'!B16 -> NOMBRE DEL FUNCIONARIO | G16: =10-((C16+D16+E16+F16)*0.5) -> 10 | H16: =G16 -> 10
A17: 7 | B17: ='CONCENTRADO DE DESEMPEÑO'!B17 -> NOMBRE DEL FUNCIONARIO | G17: =10-((C17+D17+E17+F17)*0.5) -> 10 | H17: =G17 -> 10
A18: 8 | B18: ='CONCENTRADO DE DESEMPEÑO'!B18 -> NOMBRE DEL FUNCIONARIO | G18: =10-((C18+D18+E18+F18)*0.5) -> 10 | H18: =G18 -> 10
A19: 9 | B19: ='CONCENTRADO DE DESEMPEÑO'!B19 -> NOMBRE DEL FUNCIONARIO | G19: =10-((C19+D19+E19+F19)*0.5) -> 10 | H19: =G19 -> 10
A20: 10 | B20: ='CONCENTRADO DE DESEMPEÑO'!B20 -> NOMBRE DEL FUNCIONARIO | G20: =10-((C20+D20+E20+F20)*0.5) -> 10 | H20: =G20 -> 10
A21: 11 | B21: ='CONCENTRADO DE DESEMPEÑO'!B21 -> NOMBRE DEL FUNCIONARIO | G21: =10-((C21+D21+E21+F21)*0.5) -> 10 | H21: =G21 -> 10
A22: 12 | B22: ='CONCENTRADO DE DESEMPEÑO'!B22 -> NOMBRE DEL FUNCIONARIO | G22: =10-((C22+D22+E22+F22)*0.5) -> 10 | H22: =G22 -> 10
... A25: 15 | B25: ='CONCENTRADO DE DESEMPEÑO'!B25 -> NOMBRE DEL FUNCIONARIO | G25: =10-((C25+D25+E25+F25)*0.5) -> 10 | H25: =G25 -> 10
A27: Afectación para observaciones del Factor Imagen (0.50)
A28: Capture solo el valor nominal de la frecuencia presentada: 1, 2, 3
A29: Responsables de la verificación de desempeño
B34: Vocal Ejecutivo

Sheet NORMATIVO
I1: JUNTA LOCAL EJECUTIVA
I2: ='CONCENTRADO DE DESEMPEÑO'!R2 -> NAYARIT
I3: Vocalía del Registro Federal de Electores
A4: ='CONCENTRADO DE DESEMPEÑO'!B4 -> Distrito | B4: ='CONCENTRADO DE DESEMPEÑO'!C4 -> 1 | H4: ='CONCENTRADO DE DESEMPEÑO'!M4 -> Bitácora de desempeño del personal de Módulos de Atención Ciudadana de la Campaña de Actualización Intensa
A5: =SERVICIO!A8 -> Módulo | B5: ='CONCENTRADO DE DESEMPEÑO'!H4 -> 0 | I5: FORMATO DEL FACTOR DE CUMPLIMIENTO NORMATIVO
E6: ='CONCENTRADO DE DESEMPEÑO'!G5 -> Ago-Dic | G6: ='CONCENTRADO DE DESEMPEÑO'!L5 -> CAI | I6: Versión: 0
B7: =SERVICIO!A10 -> Periodo de verificación | C7: ='CONCENTRADO DE DESEMPEÑO'!C6:F6 -> Cuatrimestre: | E7: =IF('CONCENTRADO DE DESEMPEÑO'!G6 = 0,"",'CONCENTRADO DE DESEMPEÑO'!G6) -> X | F7: ='CONCENTRADO DE DESEMPEÑO'!I6 -> Campaña | G7: ='CONCENTRADO DE DESEMPEÑO'!L6 -> x | I7: Fecha de emisión: 06/03/2020
A8: No. | B8: Nombre | C8: =PUNTUALIDAD!C8 -> Primer Cuatrimestre | G8: Ponderación Cuatrimestral | H8: Ponderación por Campaña | I8: Observaciones: registre el motivo que generó la afectación, en circunstancia de tiempo, modo y lugar; anexe documento de constancia.
C9: 1 er mes | D9: 2 er mes | E9: 3 er mes | F9: 4 er mes
A11: 1 | B11: ='CONCENTRADO DE DESEMPEÑO'!B11 -> NOMBRE DEL FUNCIONARIO | G11: =10-((C11+D11+E11+F11)*1.5) -> 10 | H11: =G11 -> 10
A12: 2 | B12: ='CONCENTRADO DE DESEMPEÑO'!B12 -> NOMBRE DEL FUNCIONARIO | G12: =10-((C12+D12+E12+F12)*1.5) -> 10 | H12: =G12 -> 10
A13: 3 | B13: ='CONCENTRADO DE DESEMPEÑO'!B13 -> NOMBRE DEL FUNCIONARIO | G13: =10-((C13+D13+E13+F13)*1.5) -> 10 | H13: =G13 -> 10
A14: 4 | B14: ='CONCENTRADO DE DESEMPEÑO'!B14 -> NOMBRE DEL FUNCIONARIO | G14: =10-((C14+D14+E14+F14)*1.5) -> 10 | H14: =G14 -> 10
A15: 5 | B15: ='CONCENTRADO DE DESEMPEÑO'!B15 -> NOMBRE DEL FUNCIONARIO | G15: =10-((C15+D15+E15+F15)*1.5) -> 10 | H15: =G15 -> 10
A16: 6 | B16: ='CONCENTRADO DE DESEMPEÑO'!B16 -> NOMBRE DEL FUNCIONARIO | G16: =10-((C16+D16+E16+F16)*1.5) -> 10 | H16: =G16 -> 10
A17: 7 | B17: ='CONCENTRADO DE DESEMPEÑO'!B17 -> NOMBRE DEL FUNCIONARIO | G17: =10-((C17+D17+E17+F17)*1.5) -> 10 | H17: =G17 -> 10
A18: 8 | B18: ='CONCENTRADO DE DESEMPEÑO'!B18 -> NOMBRE DEL FUNCIONARIO | G18: =10-((C18+D18+E18+F18)*1.5) -> 10 | H18: =G18 -> 10
A19: 9 | B19: ='CONCENTRADO DE DESEMPEÑO'!B19 -> NOMBRE DEL FUNCIONARIO | G19: =10-((C19+D19+E19+F19)*1.5) -> 10 | H19: =G19 -> 10
A20: 10 | B20: ='CONCENTRADO DE DESEMPEÑO'!B20 -> NOMBRE DEL FUNCIONARIO | G20: =10-((C20+D20+E20+F20)*1.5) -> 10 | H20: =G20 -> 10
A21: 11 | B21: ='CONCENTRADO DE DESEMPEÑO'!B21 -> NOMBRE DEL FUNCIONARIO | G21: =10-((C21+D21+E21+F21)*1.5) -> 10 | H21: =G21 -> 10
A22: 12 | B22: ='CONCENTRADO DE DESEMPEÑO'!B22 -> NOMBRE DEL FUNCIONARIO | G22: =10-((C22+D22+E22+F22)*1.5) -> 10 | H22: =G22 -> 10
... A25: 15 | B25: ='CONCENTRADO DE DESEMPEÑO'!B25 -> NOMBRE DEL FUNCIONARIO | G25: =10-((C25+D25+E25+F25)*1.5) -> 10 | H25: =G25 -> 10
A27: Afectación para observaciones del Factor de Cumplimiento Normativo (1.50)
A28: Capture solo el valor nominal de la frecuencia presentada: 1, 2, 3
A29: Responsables de la verificación de desempeño
C34: Vocal Ejecutivo

Sheet PRODUCTIVIDAD
O1: JUNTA LOCAL EJECUTIVA
O2: ='CONCENTRADO DE DESEMPEÑO'!R2 -> NAYARIT
O3: Vocalía del Registro Federal de Electores
A4: ='CONCENTRADO DE DESEMPEÑO'!B4 -> Distrito | B4: ='CONCENTRADO DE DESEMPEÑO'!C4 -> 1 | J4: ='CONCENTRADO DE DESEMPEÑO'!M4 -> Bitácora de desempeño del personal de Módulos de Atención Ciudadana de la Campaña de Actualización Intensa
A5: =SERVICIO!A8 -> Módulo | B5: ='CONCENTRADO DE DESEMPEÑO'!H4 -> 0 | O5: FORMATO DEL FACTOR PRODUCTIVIDAD
E6: ='CONCENTRADO DE DESEMPEÑO'!G5 -> Ago-Dic | I6: ='CONCENTRADO DE DESEMPEÑO'!L5 -> CAI | O6: Versión: 0
B7: =SERVICIO!A10 -> Periodo de verificación | C7: ='CONCENTRADO DE DESEMPEÑO'!C6:F6 -> Cuatrimestre: | E7: =IF('CONCENTRADO DE DESEMPEÑO'!G6 = 0,"",'CONCENTRADO DE DESEMPEÑO'!G6) -> X | G7: ='CONCENTRADO DE DESEMPEÑO'!I6 -> Campaña | I7: ='CONCENTRADO DE DESEMPEÑO'!L6 -> x | O7: Fecha de emisión: 06/03/2020
A8: No. | B8: Nombre | C8: Primer Cuatrimestre | M8: Promedio de captura | N8: Asignación respecto al promedio nacional 7.13 minutos | O8: Ponderación por Campaña
C9: Indicar la Semana operativa de mayor captación de tramites durante el cuatrimestre
C10: 1 | D10: 2 | E10: 3 | F10: 4 | G10: 5 | H10: 6 | I10: 7 | J10: 8 | K10: 9 | L10: 10
A11: 1 | B11: ='CONCENTRADO DE DESEMPEÑO'!B11 -> NOMBRE DEL FUNCIONARIO | M11: =SUM(C11:L11)/10 -> 0 | N11: =IF(M11<=8.13, 10, IF(M11<=9.13, 9,IF(M11<=10.13,8, IF(M11>=10.14, 7,)))) -> 10 | O11: =N11 -> 10
A12: 2 | B12: ='CONCENTRADO DE DESEMPEÑO'!B12 -> NOMBRE DEL FUNCIONARIO | M12: =SUM(C12:L12)/10 -> 0 | N12: =IF(M12<=8.13, 10, IF(M12<=9.13, 9,IF(M12<=10.13,8, IF(M12>=10.14, 7,)))) -> 10 | O12: =N12 -> 10
A13: 3 | B13: ='CONCENTRADO DE DESEMPEÑO'!B13 -> NOMBRE DEL FUNCIONARIO | M13: =SUM(C13:L13)/10 -> 0 | N13: =IF(M13<=8.13, 10, IF(M13<=9.13, 9,IF(M13<=10.13,8, IF(M13>=10.14, 7,)))) -> 10 | O13: =N13 -> 10
A14: 4 | B14: ='CONCENTRADO DE DESEMPEÑO'!B14 -> NOMBRE DEL FUNCIONARIO | M14: =SUM(C14:L14)/10 -> 0 | N14: =IF(M14<=8.13, 10, IF(M14<=9.13, 9,IF(M14<=10.13,8, IF(M14>=10.14, 7,)))) -> 10 | O14: =N14 -> 10
A15: 5 | B15: ='CONCENTRADO DE DESEMPEÑO'!B15 -> NOMBRE DEL FUNCIONARIO | M15: =SUM(C15:L15)/10 -> 0 | N15: =IF(M15<=8.13, 10, IF(M15<=9.13, 9,IF(M15<=10.13,8, IF(M15>=10.14, 7,)))) -> 10 | O15: =N15 -> 10
A16: 6 | B16: ='CONCENTRADO DE DESEMPEÑO'!B16 -> NOMBRE DEL FUNCIONARIO | M16: =SUM(C16:L16)/10 -> 0 | N16: =IF(M16<=8.13, 10, IF(M16<=9.13, 9,IF(M16<=10.13,8, IF(M16>=10.14, 7,)))) -> 10 | O16: =N16 -> 10
A17: 7 | B17: ='CONCENTRADO DE DESEMPEÑO'!B17 -> NOMBRE DEL FUNCIONARIO | M17: =SUM(C17:L17)/10 -> 0 | N17: =IF(M17<=8.13, 10, IF(M17<=9.13, 9,IF(M17<=10.13,8, IF(M17>=10.14, 7,)))) -> 10 | O17: =N17 -> 10
A18: 8 | B18: ='CONCENTRADO DE DESEMPEÑO'!B18 -> NOMBRE DEL FUNCIONARIO | M18: =SUM(C18:L18)/10 -> 0 | N18: =IF(M18<=8.13, 10, IF(M18<=9.13, 9,IF(M18<=10.13,8, IF(M18>=10.14, 7,)))) -> 10 | O18: =N18 -> 10
A19: 9 | B19: ='CONCENTRADO DE DESEMPEÑO'!B19 -> NOMBRE DEL FUNCIONARIO | M19: =SUM(C19:L19)/10 -> 0 | N19: =IF(M19<=8.13, 10, IF(M19<=9.13, 9,IF(M19<=10.13,8, IF(M19>=10.14, 7,)))) -> 10 | O19: =N19 -> 10
A20: 10 | B20: ='CONCENTRADO DE DESEMPEÑO'!B20 -> NOMBRE DEL FUNCIONARIO | M20: =SUM(C20:L20)/10 -> 0 | N20: =IF(M20<=8.13, 10, IF(M20<=9.13, 9,IF(M20<=10.13,8, IF(M20>=10.14, 7,)))) -> 10 | O20: =N20 -> 10
A21: 11 | B21: ='CONCENTRADO DE DESEMPEÑO'!B21 -> NOMBRE DEL FUNCIONARIO | M21: =SUM(C21:L21)/10 -> 0 | N21: =IF(M21<=8.13, 10, IF(M21<=9.13, 9,IF(M21<=10.13,8, IF(M21>=10.14, 7,)))) -> 10 | O21: =N21 -> 10
A22: 12 | B22: ='CONCENTRADO DE DESEMPEÑO'!B22 -> NOMBRE DEL FUNCIONARIO | M22: =SUM(C22:L22)/10 -> 0 | N22: =IF(M22<=8.13, 10, IF(M22<=9.13, 9,IF(M22<=10.13,8, IF(M22>=10.14, 7,)))) -> 10 | O22: =N22 -> 10
... A25: 15 | B25: ='CONCENTRADO DE DESEMPEÑO'!B25 -> NOMBRE DEL FUNCIONARIO | M25: =SUM(C25:L25)/10 -> 0 | N25: =IF(M25<=8.13, 10, IF(M25<=9.13, 9,IF(M25<=10.13,8, IF(M25>=10.14, 7,)))) -> 10 | O25: =N25 -> 10
A26: Capture valor nominal y dos decimales correspondientes a la columna Tiempo Total del apartado Captura de Trámite del Reporte Nominativo de Atención Ciudadana Solicitud del SIIRFE-MAC
A27: La ponderación de desempeño de la productividad corresponde a los siguientes rangos
A28: 10 | B28: Considera el rango menor a 8.13 del promedio de captura
A29: 9 | B29: Considera el rango mayor a 8.14 y menor a 9.13 del promedio de captura
A30: 8 | B30: Considera el rango mayor a 9.14 y menor a 10.13 del promedio de captura
A31: 7 | B31: Considera el rango mayor a 10.14 del promedio de captura
A32: Responsables de la verificación de desempeño
C37: Vocal Ejecutivo

Sheet TESTIGO DE FILTRADO DE CAPTURA
